Date,Nokia,Apple,RIM,Sony,Samsung,Motorola,Palm,T-Mobile,Nintendo,Google,LG,HTC,Other,Unknown,Huawei,Micromax,ZTE,Pantech,Alcatel,Acer,Kyocera,Casio,Vodafone,Lenovo,Dell,Xiaomi,Fujitsu,Sharp,Pandigital,Turkcell,Spice,Hisense,Coolpad,Archos,K-Touch,General Mobile,Oppo,Asus,HP,Lava,Wiko,bq,Kazam,Avea,BBK,Meizu,OnePlus,Celkon,Casper,AIS,Vestel,InFocus,RCA,Orange,Gionee,Lyf,Reliance Digital,LeEco,Infinix,True,Panasonic,Turk Telecom,White Label,Lanix,Tecno,i-Mobile,Yu,Mobicel,QMobile,Itel,Smartfren,Intex,Blu,dtac,Xolo,Karbonn,Condor,Symphony,MyPhone,BlackBerry,Caterpillar,Meisu,Eken,Cubot,Sunny,Comio,Neffos,Cherry Mobile,Realme,Opp,Vivo,Mobiistar,Smartisan,Sumsung,Honor,Infinex,CAT,Yxtel,Unimax,Reeder,TCL,Mixc,Vsmart,Jio,Cricket
2010-04,37.58,33.15,15.86,8.3,2.37,0.3,0.66,0.97,0.3,0.18,0.23,0.09,0.01,,,,,,,,,,,,,,,,,,,,,,,,,,,,,,,,,,,,,,,,,,,,,,,,,,,,,,,,,,,,,,,,,,,,,,,,,,,,,,,,,,,,,,,,,,,,
2010-05,37.37,33.09,16.16,7.96,3.27,0.12,0.65,0.79,0.29,0.17,0.08,0.03,0.01,,,,,,,,,,,,,,,,,,,,,,,,,,,,,,,,,,,,,,,,,,,,,,,,,,,,,,,,,,,,,,,,,,,,,,,,,,,,,,,,,,,,,,,,,,,,
2010-06,38.28,30.71,17.23,7.9,3.86,0.11,0.65,0.66,0.28,0.19,0.08,0.03,0.01,,,,,,,,,,,,,,,,,,,,,,,,,,,,,,,,,,,,,,,,,,,,,,,,,,,,,,,,,,,,,,,,,,,,,,,,,,,,,,,,,,,,,,,,,,,,
2010-07,36.78,30.09,19.04,7.9,3.83,0.29,0.7,0.58,0.28,0.21,0.21,0.07,0.01,,,,,,,,,,,,,,,,,,,,,,,,,,,,,,,,,,,,,,,,,,,,,,,,,,,,,,,,,,,,,,,,,,,,,,,,,,,,,,,,,,,,,,,,,,,,
2010-08,36.4,29.82,19.71,7.81,4.07,0.35,0.63,0.46,0.27,0.19,0.22,0.07,0.01,,,,,,,,,,,,,,,,,,,,,,,,,,,,,,,,,,,,,,,,,,,,,,,,,,,,,,,,,,,,,,,,,,,,,,,,,,,,,,,,,,,,,,,,,,,,
2010-09,38.06,26.72,20.99,7.84,4.53,0.4,0.5,0.35,0.17,0.17,0.18,0.06,0.0,,,,,,,,,,,,,,,,,,,,,,,,,,,,,,,,,,,,,,,,,,,,,,,,,,,,,,,,,,,,,,,,,,,,,,,,,,,,,,,,,,,,,,,,,,,,
2010-10,37.81,26.5,21.51,7.81,4.68,0.42,0.45,0.29,0.15,0.16,0.16,0.05,0.0,,,,,,,,,,,,,,,,,,,,,,,,,,,,,,,,,,,,,,,,,,,,,,,,,,,,,,,,,,,,,,,,,,,,,,,,,,,,,,,,,,,,,,,,,,,,
2010-11,36.54,25.72,22.6,7.04,5.59,1.37,0.4,0.24,0.15,0.15,0.15,0.04,0.0,,,,,,,,,,,,,,,,,,,,,,,,,,,,,,,,,,,,,,,,,,,,,,,,,,,,,,,,,,,,,,,,,,,,,,,,,,,,,,,,,,,,,,,,,,,,
2010-12,34.4,28.04,21.48,6.6,6.6,1.76,0.39,0.21,0.18,0.15,0.15,0.04,0.0,,,,,,,,,,,,,,,,,,,,,,,,,,,,,,,,,,,,,,,,,,,,,,,,,,,,,,,,,,,,,,,,,,,,,,,,,,,,,,,,,,,,,,,,,,,,
2011-01,35.58,30.2,18.15,6.26,7.06,1.62,0.35,0.17,0.2,0.14,0.17,0.09,0.0,,,,,,,,,,,,,,,,,,,,,,,,,,,,,,,,,,,,,,,,,,,,,,,,,,,,,,,,,,,,,,,,,,,,,,,,,,,,,,,,,,,,,,,,,,,,
2011-02,36.36,29.83,17.64,6.23,7.36,1.52,0.3,0.14,0.16,0.13,0.18,0.15,0.0,,,,,,,,,,,,,,,,,,,,,,,,,,,,,,,,,,,,,,,,,,,,,,,,,,,,,,,,,,,,,,,,,,,,,,,,,,,,,,,,,,,,,,,,,,,,
2011-03,36.51,29.76,17.22,6.16,7.88,1.47,0.26,0.11,0.17,0.13,0.17,0.17,0.0,,,,,,,,,,,,,,,,,,,,,,,,,,,,,,,,,,,,,,,,,,,,,,,,,,,,,,,,,,,,,,,,,,,,,,,,,,,,,,,,,,,,,,,,,,,,
2011-04,37.88,28.6,16.6,6.1,8.56,1.31,0.22,0.1,0.16,0.11,0.17,0.18,0.0,,,,,,,,,,,,,,,,,,,,,,,,,,,,,,,,,,,,,,,,,,,,,,,,,,,,,,,,,,,,,,,,,,,,,,,,,,,,,,,,,,,,,,,,,,,,
2011-05,38.39,27.63,16.2,5.99,9.65,1.04,0.19,0.33,0.14,0.1,0.16,0.18,0.0,,,,,,,,,,,,,,,,,,,,,,,,,,,,,,,,,,,,,,,,,,,,,,,,,,,,,,,,,,,,,,,,,,,,,,,,,,,,,,,,,,,,,,,,,,,,
2011-06,41.34,25.11,15.23,5.64,10.77,0.92,0.15,0.29,0.13,0.1,0.16,0.17,0.0,,,,,,,,,,,,,,,,,,,,,,,,,,,,,,,,,,,,,,,,,,,,,,,,,,,,,,,,,,,,,,,,,,,,,,,,,,,,,,,,,,,,,,,,,,,,
2011-07,40.23,25.22,15.72,5.49,11.49,0.84,0.14,0.26,0.12,0.17,0.16,0.18,0.0,,,,,,,,,,,,,,,,,,,,,,,,,,,,,,,,,,,,,,,,,,,,,,,,,,,,,,,,,,,,,,,,,,,,,,,,,,,,,,,,,,,,,,,,,,,,
2011-08,40.18,24.65,15.05,5.37,12.84,0.81,0.12,0.19,0.12,0.33,0.15,0.19,0.0,,,,,,,,,,,,,,,,,,,,,,,,,,,,,,,,,,,,,,,,,,,,,,,,,,,,,,,,,,,,,,,,,,,,,,,,,,,,,,,,,,,,,,,,,,,,
2011-09,40.04,27.06,13.7,4.69,12.73,0.69,0.12,0.07,0.11,0.33,0.15,0.3,0.0,,,,,,,,,,,,,,,,,,,,,,,,,,,,,,,,,,,,,,,,,,,,,,,,,,,,,,,,,,,,,,,,,,,,,,,,,,,,,,,,,,,,,,,,,,,,
2011-10,36.08,28.78,11.64,4.32,12.64,0.62,0.11,0.16,0.13,0.31,1.62,3.57,0.01,,,,,,,,,,,,,,,,,,,,,,,,,,,,,,,,,,,,,,,,,,,,,,,,,,,,,,,,,,,,,,,,,,,,,,,,,,,,,,,,,,,,,,,,,,,,
2011-11,36.74,29.07,10.15,4.05,13.1,0.76,0.09,0.1,0.12,0.28,1.79,3.75,0.01,,,,,,,,,,,,,,,,,,,,,,,,,,,,,,,,,,,,,,,,,,,,,,,,,,,,,,,,,,,,,,,,,,,,,,,,,,,,,,,,,,,,,,,,,,,,
2011-12,39.43,27.06,9.29,4.11,13.63,0.74,0.08,0.08,0.18,0.26,1.72,3.43,0.01,,,,,,,,,,,,,,,,,,,,,,,,,,,,,,,,,,,,,,,,,,,,,,,,,,,,,,,,,,,,,,,,,,,,,,,,,,,,,,,,,,,,,,,,,,,,
2012-01,37.67,28.67,8.3,3.92,14.84,0.69,0.06,0.07,0.24,0.26,1.83,3.45,0.0,0.0,0.0,0.0,0.0,0.0,0.0,0.0,0.0,0.0,0.0,0.0,0.0,0.0,0.0,0.0,0.0,,,,,,,,,,,,,,,,,,,,,,,,,,,,,,,,,,,,,,,,,,,,,,,,,,,,,,,,,,,,,,,,,,,,,,,,,,,,
2012-02,35.96,30.58,8.14,3.72,14.91,0.67,0.06,0.06,0.19,0.26,1.95,3.5,0.0,0.0,0.0,0.0,0.0,0.0,0.0,0.0,0.0,0.0,0.0,0.0,0.0,0.0,0.0,0.0,0.0,,,,,,,,,,,,,,,,,,,,,,,,,,,,,,,,,,,,,,,,,,,,,,,,,,,,,,,,,,,,,,,,,,,,,,,,,,,,
2012-03,32.51,24.87,6.7,3.29,14.02,0.52,0.04,0.04,0.19,0.22,1.53,2.78,0.0,13.23,0.06,0.0,0.0,0.0,0.0,0.0,0.0,0.0,0.0,0.0,0.0,0.0,0.0,0.0,0.0,,,,,,,,,,,,,,,,,,,,,,,,,,,,,,,,,,,,,,,,,,,,,,,,,,,,,,,,,,,,,,,,,,,,,,,,,,,,
2012-04,29.25,21.47,5.63,2.92,14.03,0.91,0.03,0.03,0.18,0.33,1.41,2.99,0.0,20.33,0.36,0.0,0.05,0.03,0.01,0.0,0.0,0.01,0.0,0.0,0.0,0.0,0.0,0.0,0.01,,,,,,,,,,,,,,,,,,,,,,,,,,,,,,,,,,,,,,,,,,,,,,,,,,,,,,,,,,,,,,,,,,,,,,,,,,,,
2012-05,30.35,22.04,5.47,3.01,17.13,1.81,0.02,0.03,0.19,0.35,1.9,4.18,0.01,12.37,0.49,0.0,0.29,0.15,0.04,0.0,0.03,0.04,0.02,0.0,0.02,0.0,0.01,0.01,0.02,,,,,,,,,,,,,,,,,,,,,,,,,,,,,,,,,,,,,,,,,,,,,,,,,,,,,,,,,,,,,,,,,,,,,,,,,,,,
2012-06,30.65,24.56,5.3,3.06,17.92,1.93,0.02,0.03,0.19,0.4,2.0,4.34,0.01,8.21,0.57,0.03,0.34,0.18,0.05,0.0,0.05,0.04,0.02,0.01,0.03,0.01,0.02,0.02,0.02,,,,,,,,,,,,,,,,,,,,,,,,,,,,,,,,,,,,,,,,,,,,,,,,,,,,,,,,,,,,,,,,,,,,,,,,,,,,
2012-07,28.05,25.43,5.0,3.11,19.46,2.02,0.02,0.03,0.23,0.41,2.21,4.41,0.01,7.69,0.62,0.43,0.38,0.19,0.07,0.0,0.04,0.04,0.02,0.02,0.03,0.02,0.02,0.02,0.02,,,,,,,,,,,,,,,,,,,,,,,,,,,,,,,,,,,,,,,,,,,,,,,,,,,,,,,,,,,,,,,,,,,,,,,,,,,,
2012-08,27.69,24.49,4.69,3.16,20.64,2.0,0.02,0.02,0.23,0.43,2.18,4.38,0.0,7.83,0.68,0.55,0.41,0.18,0.08,0.1,0.04,0.04,0.02,0.03,0.03,0.02,0.02,0.02,0.02,,,,,,,,,,,,,,,,,,,,,,,,,,,,,,,,,,,,,,,,,,,,,,,,,,,,,,,,,,,,,,,,,,,,,,,,,,,,
2012-09,27.52,23.64,4.6,3.15,21.47,2.07,0.01,0.02,0.2,0.43,2.19,4.26,0.0,8.09,0.69,0.58,0.42,0.17,0.1,0.1,0.05,0.04,0.03,0.04,0.03,0.02,0.02,0.02,0.01,,,,,,,,,,,,,,,,,,,,,,,,,,,,,,,,,,,,,,,,,,,,,,,,,,,,,,,,,,,,,,,,,,,,,,,,,,,,
2012-10,26.93,23.73,4.36,3.08,21.79,1.99,0.01,0.02,0.18,0.43,2.25,4.05,0.0,8.79,0.7,0.6,0.42,0.19,0.1,0.1,0.05,0.04,0.04,0.04,0.03,0.02,0.02,0.02,0.01,,,,,,,,,,,,,,,,,,,,,,,,,,,,,,,,,,,,,,,,,,,,,,,,,,,,,,,,,,,,,,,,,,,,,,,,,,,,
2012-11,26.31,23.81,4.0,3.02,21.91,1.9,0.01,0.02,0.19,0.43,2.37,3.87,0.0,9.71,0.73,0.61,0.41,0.21,0.11,0.1,0.07,0.04,0.04,0.04,0.02,0.02,0.02,0.01,0.01,,,,,,,,,,,,,,,,,,,,,,,,,,,,,,,,,,,,,,,,,,,,,,,,,,,,,,,,,,,,,,,,,,,,,,,,,,,,
2012-12,25.97,23.27,3.61,2.87,22.94,1.79,0.01,0.02,0.18,0.43,2.5,3.61,0.07,10.13,0.74,0.64,0.41,0.31,0.12,0.11,0.08,0.04,0.05,0.05,0.02,0.03,0.01,0.01,0.01,,,,,,,,,,,,,,,,,,,,,,,,,,,,,,,,,,,,,,,,,,,,,,,,,,,,,,,,,,,,,,,,,,,,,,,,,,,,
2013-01,22.15,25.86,3.48,2.78,22.69,1.81,,0.02,0.19,0.46,2.79,3.69,0.04,10.95,0.85,0.57,0.48,0.43,0.13,0.13,0.1,0.04,0.05,0.14,0.02,0.05,0.02,,,0.09,0.0,0.0,0.0,0.01,0.0,,,,,,,,,,,,,,,,,,,,,,,,,,,,,,,,,,,,,,,,,,,,,,,,,,,,,,,,,,,,,,,,,,,,,,
2013-02,21.28,27.22,3.42,2.77,23.04,1.75,,0.01,0.19,0.44,2.84,3.45,0.04,10.7,0.78,0.6,0.42,0.37,0.14,0.13,0.1,0.04,0.05,0.06,0.02,0.03,0.02,,,0.09,0.0,0.0,0.0,0.01,0.01,,,,,,,,,,,,,,,,,,,,,,,,,,,,,,,,,,,,,,,,,,,,,,,,,,,,,,,,,,,,,,,,,,,,,,
2013-03,21.15,27.16,3.39,2.86,24.32,1.81,,0.01,0.21,0.5,2.7,3.37,0.04,9.63,0.8,0.63,0.45,0.27,0.15,0.09,0.11,0.04,0.05,0.07,0.02,0.04,0.01,,,0.08,0.0,0.02,0.0,0.01,0.01,,,,,,,,,,,,,,,,,,,,,,,,,,,,,,,,,,,,,,,,,,,,,,,,,,,,,,,,,,,,,,,,,,,,,,
2013-04,20.91,26.48,3.4,2.82,25.0,1.71,,0.01,0.2,0.51,2.76,3.19,0.03,10.06,0.78,0.7,0.44,0.27,0.16,0.07,0.11,0.03,0.05,0.08,0.02,0.04,0.01,,,0.11,0.0,0.03,0.01,0.01,0.01,,,,,,,,,,,,,,,,,,,,,,,,,,,,,,,,,,,,,,,,,,,,,,,,,,,,,,,,,,,,,,,,,,,,,,
2013-05,21.17,25.87,3.63,2.75,25.39,1.58,,0.01,0.14,0.51,2.77,3.03,0.03,10.05,0.77,0.83,0.43,0.27,0.18,0.07,0.1,0.03,0.05,0.1,0.01,0.04,0.01,,,0.1,0.0,0.04,0.01,0.01,0.01,,,,,,,,,,,,,,,,,,,,,,,,,,,,,,,,,,,,,,,,,,,,,,,,,,,,,,,,,,,,,,,,,,,,,,
2013-06,21.96,25.09,3.62,2.65,25.47,1.45,,0.01,0.14,0.49,2.59,2.93,0.03,10.33,0.78,0.99,0.42,0.21,0.21,0.06,0.11,0.03,0.05,0.13,0.01,0.04,0.01,,,0.09,0.0,0.04,0.02,0.01,0.01,,,,,,,,,,,,,,,,,,,,,,,,,,,,,,,,,,,,,,,,,,,,,,,,,,,,,,,,,,,,,,,,,,,,,,
2013-07,21.75,24.74,3.67,2.45,25.19,1.4,,0.01,0.13,0.5,2.74,2.85,0.04,11.09,0.79,1.14,0.42,0.26,0.24,0.07,0.11,0.02,0.05,0.14,0.01,0.03,0.01,,,0.07,0.0,0.04,0.02,0.01,0.01,,,,,,,,,,,,,,,,,,,,,,,,,,,,,,,,,,,,,,,,,,,,,,,,,,,,,,,,,,,,,,,,,,,,,,
2013-08,21.66,23.39,3.75,2.34,25.69,1.22,,0.01,0.09,0.49,2.78,2.73,0.04,12.1,0.81,1.3,0.42,0.25,0.25,0.07,0.1,0.02,0.05,0.2,0.01,0.04,0.01,,,0.07,0.0,0.05,0.02,0.01,0.02,,,,,,,,,,,,,,,,,,,,,,,,,,,,,,,,,,,,,,,,,,,,,,,,,,,,,,,,,,,,,,,,,,,,,,
2013-09,21.61,22.68,3.75,2.21,26.16,1.11,,0.01,0.07,0.46,2.78,2.6,0.03,12.89,0.79,1.34,0.37,0.24,0.25,0.07,0.09,0.02,0.06,0.21,0.01,0.03,0.01,,,0.07,0.0,0.04,0.02,0.01,0.01,,,,,,,,,,,,,,,,,,,,,,,,,,,,,,,,,,,,,,,,,,,,,,,,,,,,,,,,,,,,,,,,,,,,,,
2013-10,22.31,20.5,3.81,2.15,25.54,0.98,,0.01,0.05,0.42,2.84,2.39,0.02,15.22,0.82,1.34,0.36,0.21,0.31,0.06,0.09,0.02,0.07,0.28,0.01,0.03,0.01,,,0.07,0.0,0.04,0.01,0.01,0.01,,,,,,,,,,,,,,,,,,,,,,,,,,,,,,,,,,,,,,,,,,,,,,,,,,,,,,,,,,,,,,,,,,,,,,
2013-11,21.01,21.9,3.91,2.05,27.11,1.01,,0.01,0.05,0.43,2.84,2.41,0.05,12.87,0.85,1.6,0.38,0.17,0.33,0.07,0.09,0.02,0.08,0.27,0.01,0.05,0.01,,,0.08,0.23,0.04,0.01,0.01,0.01,,,,,,,,,,,,,,,,,,,,,,,,,,,,,,,,,,,,,,,,,,,,,,,,,,,,,,,,,,,,,,,,,,,,,,
2013-12,20.18,21.79,3.71,1.88,27.48,0.95,,0.01,0.04,0.41,2.81,2.33,0.07,13.62,0.9,1.79,0.39,0.15,0.35,0.07,0.1,0.02,0.08,0.33,0.01,0.06,0.01,,,0.09,0.3,0.04,0.02,0.01,0.01,,,,,,,,,,,,,,,,,,,,,,,,,,,,,,,,,,,,,,,,,,,,,,,,,,,,,,,,,,,,,,,,,,,,,,
2014-01,18.42,23.52,3.12,1.97,27.85,0.89,,,0.04,0.44,2.99,2.28,0.05,13.56,0.95,1.78,0.39,0.16,0.36,0.07,0.1,,0.08,0.36,,0.07,,,,0.09,0.32,0.03,0.02,0.02,0.01,0.01,0.0,0.0,0.05,0.0,0.0,0.0,0.0,0.0,0.0,0.01,0.0,0.0,,,,,,,,,,,,,,,,,,,,,,,,,,,,,,,,,,,,,,,,,,,,,,,,,,,,,,,,,
2014-02,17.27,22.94,2.7,2.65,30.4,1.1,,,0.03,0.53,3.07,2.25,0.05,11.43,0.98,1.81,0.39,0.14,0.4,0.07,0.09,,0.11,0.4,,0.08,,,,0.11,0.3,0.02,0.03,0.02,0.01,0.52,0.02,0.0,0.05,0.0,0.0,0.0,0.0,0.01,0.0,0.01,0.0,0.0,,,,,,,,,,,,,,,,,,,,,,,,,,,,,,,,,,,,,,,,,,,,,,,,,,,,,,,,,
2014-03,16.37,23.57,2.58,2.93,30.57,1.39,,,0.03,0.56,3.14,2.2,0.05,10.85,1.03,1.89,0.4,0.12,0.46,0.07,0.09,,0.1,0.44,,0.06,,,,0.1,0.3,0.04,0.02,0.02,0.01,0.49,0.04,0.0,0.04,0.0,0.0,0.0,0.02,0.01,0.0,0.01,0.0,0.0,,,,,,,,,,,,,,,,,,,,,,,,,,,,,,,,,,,,,,,,,,,,,,,,,,,,,,,,,
2014-04,15.61,23.21,2.23,3.11,31.59,1.44,,,0.03,0.59,3.16,2.25,0.05,10.51,1.1,1.88,0.44,0.1,0.49,0.08,0.08,,0.11,0.49,,0.08,,,,0.12,0.3,0.04,0.03,0.02,0.01,0.65,0.05,0.0,0.05,0.0,0.01,0.0,0.03,0.02,0.0,0.01,0.0,0.01,,,,,,,,,,,,,,,,,,,,,,,,,,,,,,,,,,,,,,,,,,,,,,,,,,,,,,,,,
2014-05,14.44,23.21,1.96,3.18,32.79,1.76,,,0.03,0.61,3.38,2.19,0.05,10.3,1.17,1.84,0.42,0.09,0.49,0.09,0.08,,0.12,0.51,,0.08,,,,0.1,0.29,0.04,0.03,0.03,0.01,0.56,0.05,0.0,0.05,0.0,0.01,0.0,0.03,0.02,0.01,0.01,0.0,0.01,,,,,,,,,,,,,,,,,,,,,,,,,,,,,,,,,,,,,,,,,,,,,,,,,,,,,,,,,
2014-06,13.34,24.25,1.94,3.19,32.6,1.63,,,0.03,0.62,3.36,2.26,0.05,10.31,1.28,1.92,0.43,0.08,0.52,0.1,0.08,,0.11,0.56,,0.08,,,,0.09,0.28,0.05,0.04,0.03,0.01,0.57,0.06,0.0,0.05,0.0,0.01,0.0,0.03,0.02,0.01,0.01,0.0,0.01,,,,,,,,,,,,,,,,,,,,,,,,,,,,,,,,,,,,,,,,,,,,,,,,,,,,,,,,,
2014-07,12.64,24.87,1.73,3.47,32.55,1.76,,,0.03,0.67,3.4,2.27,0.07,10.04,1.29,1.96,0.38,0.07,0.54,0.1,0.07,,0.11,0.55,,0.14,,,,0.07,0.27,0.04,0.04,0.03,0.01,0.48,0.07,0.03,0.06,0.05,0.06,0.02,0.03,0.02,0.01,0.01,0.0,0.01,,,,,,,,,,,,,,,,,,,,,,,,,,,,,,,,,,,,,,,,,,,,,,,,,,,,,,,,,
2014-08,12.54,23.55,1.66,3.47,32.77,1.88,,,0.02,0.64,3.49,2.31,0.07,10.33,1.3,2.16,0.41,0.07,0.54,0.09,0.09,,0.11,0.62,,0.19,,,,0.11,0.31,0.07,0.05,0.03,0.01,0.61,0.11,0.11,0.06,0.06,0.05,0.03,0.03,0.03,0.01,0.01,0.0,0.02,,,,,,,,,,,,,,,,,,,,,,,,,,,,,,,,,,,,,,,,,,,,,,,,,,,,,,,,,
2014-09,11.97,24.72,1.64,3.42,33.13,2.01,,,0.02,0.64,3.55,2.3,0.06,9.13,1.33,2.13,0.41,0.06,0.52,0.09,0.09,,0.12,0.64,,0.22,,,,0.14,0.3,0.07,0.05,0.03,0.01,0.63,0.14,0.14,0.06,0.06,0.04,0.03,0.02,0.03,0.01,0.01,0.01,0.01,,,,,,,,,,,,,,,,,,,,,,,,,,,,,,,,,,,,,,,,,,,,,,,,,,,,,,,,,
2014-10,10.3,25.96,1.34,3.62,33.68,2.29,,,0.02,0.63,3.8,2.26,0.08,8.47,1.44,1.91,0.46,0.05,0.57,0.09,0.08,,0.14,0.61,,0.28,,,,0.18,0.25,0.06,0.04,0.05,0.01,0.69,0.13,0.16,0.07,0.06,0.07,0.06,0.02,0.03,0.02,0.02,0.02,0.01,,,,,,,,,,,,,,,,,,,,,,,,,,,,,,,,,,,,,,,,,,,,,,,,,,,,,,,,,
2014-11,10.55,23.02,1.36,3.69,33.86,2.85,,,0.02,0.59,4.11,2.22,0.11,9.33,1.44,2.15,0.47,0.05,0.54,0.09,0.09,,0.14,0.69,,0.36,,,,0.2,0.28,0.08,0.05,0.04,0.01,0.79,0.18,0.22,0.07,0.07,0.06,0.07,0.02,0.03,0.03,0.02,0.03,0.01,,,,,,,,,,,,,,,,,,,,,,,,,,,,,,,,,,,,,,,,,,,,,,,,,,,,,,,,,
2014-12,10.9,23.51,1.38,3.64,33.0,2.58,,,0.02,0.58,4.01,2.3,0.15,9.37,1.46,2.15,0.49,0.04,0.6,0.08,0.11,,0.13,0.77,,0.43,,,,0.15,0.28,0.1,0.06,0.04,0.01,0.65,0.22,0.3,0.06,0.1,0.07,0.07,0.02,0.02,0.04,0.02,0.04,0.01,,,,,,,,,,,,,,,,,,,,,,,,,,,,,,,,,,,,,,,,,,,,,,,,,,,,,,,,,
2015-01,11.24,22.75,1.36,3.6,32.21,2.28,,,0.02,0.59,4.01,2.37,0.05,9.69,1.57,2.3,0.52,0.05,0.66,0.08,0.1,,0.13,0.93,,0.52,,0.02,,0.2,0.28,0.11,0.07,0.04,0.02,0.88,0.27,0.43,0.07,0.13,0.06,0.06,0.02,0.03,0.05,0.03,0.06,0.01,0.06,0.0,0.01,0.02,0.03,0.02,0.0,,,,,,,,,,,,,,,,,,,,,,,,,,,,,,,,,,,,,,,,,,,,,,,,,,
2015-02,10.25,23.17,1.25,3.62,32.0,2.29,,,0.02,0.57,4.19,2.42,0.05,9.61,1.65,2.23,0.58,0.05,0.71,0.07,0.1,,0.14,1.0,,0.6,,0.02,,0.24,0.25,0.11,0.08,0.04,0.02,1.05,0.31,0.53,0.07,0.12,0.06,0.06,0.02,0.04,0.05,0.04,0.07,0.01,0.08,0.02,0.02,0.03,0.04,0.02,0.0,,,,,,,,,,,,,,,,,,,,,,,,,,,,,,,,,,,,,,,,,,,,,,,,,,
2015-03,9.68,22.64,1.25,3.62,32.09,2.3,,,0.02,0.58,4.18,2.41,0.05,10.06,1.69,2.44,0.58,0.04,0.71,0.07,0.1,,0.13,1.06,,0.63,,0.02,,0.24,0.24,0.12,0.09,0.04,0.02,1.1,0.35,0.6,0.07,0.13,0.07,0.08,0.02,0.05,0.06,0.05,0.08,0.02,0.1,0.05,0.03,0.02,0.03,0.02,0.0,,,,,,,,,,,,,,,,,,,,,,,,,,,,,,,,,,,,,,,,,,,,,,,,,,
2015-04,9.86,20.78,1.27,3.69,32.26,2.32,,,0.01,0.65,4.21,2.41,0.05,10.85,1.78,2.49,0.59,0.04,0.7,0.07,0.09,,0.14,1.14,,0.63,,0.02,,0.25,0.24,0.13,0.09,0.04,0.01,1.19,0.4,0.67,0.06,0.13,0.07,0.08,0.02,0.05,0.07,0.05,0.09,0.01,0.11,0.07,0.04,0.02,0.02,0.02,0.0,,,,,,,,,,,,,,,,,,,,,,,,,,,,,,,,,,,,,,,,,,,,,,,,,,
2015-05,9.76,20.22,1.19,3.65,32.2,2.29,,,0.01,0.7,4.18,2.35,0.07,11.29,1.83,2.56,0.6,0.03,0.67,0.07,0.09,,0.13,1.2,,0.72,,0.02,,0.25,0.23,0.13,0.11,0.04,0.02,1.2,0.46,0.7,0.06,0.13,0.07,0.09,0.02,0.05,0.09,0.06,0.09,0.02,0.12,0.09,0.06,0.03,0.02,0.02,0.01,,,,,,,,,,,,,,,,,,,,,,,,,,,,,,,,,,,,,,,,,,,,,,,,,,
2015-06,9.58,20.22,1.32,3.49,31.57,2.25,,,0.01,0.63,4.14,2.28,0.06,12.2,1.88,2.69,0.58,0.03,0.64,0.07,0.09,,0.13,1.3,,0.79,,0.02,,0.24,0.23,0.14,0.11,0.03,0.02,1.14,0.47,0.7,0.06,0.12,0.07,0.07,0.02,0.05,0.09,0.07,0.09,0.01,0.12,0.08,0.06,0.03,0.02,0.02,0.01,,,,,,,,,,,,,,,,,,,,,,,,,,,,,,,,,,,,,,,,,,,,,,,,,,
2015-07,9.13,20.41,1.25,3.36,31.4,2.13,,,0.01,0.87,4.21,2.27,0.06,12.33,1.94,2.55,0.58,0.03,0.62,0.06,0.08,,0.13,1.41,,0.8,,0.02,,0.28,0.21,0.14,0.13,0.03,0.02,1.37,0.47,0.71,0.05,0.1,0.07,0.06,0.02,0.06,0.12,0.07,0.09,0.01,0.15,0.07,0.08,0.03,0.01,0.01,0.01,,,,,,,,,,,,,,,,,,,,,,,,,,,,,,,,,,,,,,,,,,,,,,,,,,
2015-08,8.61,19.03,1.42,3.26,31.73,2.08,,,0.01,0.79,4.1,2.19,0.06,13.3,2.14,2.6,0.57,0.03,0.58,0.06,0.07,,0.15,1.53,,0.92,,0.02,,0.29,0.2,0.17,0.15,0.03,0.02,1.44,0.55,0.8,0.05,0.1,0.06,0.07,0.01,0.06,0.17,0.1,0.08,0.01,0.16,0.09,0.09,0.02,0.01,0.01,0.01,,,,,,,,,,,,,,,,,,,,,,,,,,,,,,,,,,,,,,,,,,,,,,,,,,
2015-09,8.32,18.14,1.32,3.24,32.52,2.11,,,0.01,0.83,4.15,2.19,0.06,13.56,2.16,2.64,0.56,0.02,0.57,0.06,0.07,,0.16,1.62,,0.78,,0.01,,0.28,0.19,0.2,0.11,0.03,0.01,1.49,0.54,0.87,0.05,0.09,0.06,0.07,0.01,0.06,0.16,0.09,0.08,0.01,0.17,0.13,0.09,0.02,0.01,0.01,0.02,,,,,,,,,,,,,,,,,,,,,,,,,,,,,,,,,,,,,,,,,,,,,,,,,,
2015-10,8.36,17.7,1.16,3.25,32.64,2.12,,,0.01,0.91,4.26,2.23,0.06,13.64,2.21,2.62,0.56,0.02,0.54,0.06,0.06,,0.17,1.67,,0.74,,0.01,,0.29,0.19,0.18,0.11,0.03,0.01,1.65,0.5,0.88,0.05,0.09,0.07,0.08,0.01,0.07,0.15,0.08,0.08,0.01,0.18,0.13,0.1,0.02,0.01,0.01,0.03,,,,,,,,,,,,,,,,,,,,,,,,,,,,,,,,,,,,,,,,,,,,,,,,,,
2015-11,8.13,19.3,1.06,3.23,31.76,2.2,,,0.01,0.95,4.36,2.22,0.07,13.58,2.27,2.49,0.53,0.02,0.53,0.06,0.06,,0.15,1.73,,0.7,,0.01,,0.26,0.18,0.15,0.09,0.04,0.01,1.45,0.45,0.85,0.05,0.07,0.07,0.09,0.01,0.06,0.13,0.08,0.09,0.01,0.16,0.11,0.09,0.02,0.01,0.01,0.04,,,,,,,,,,,,,,,,,,,,,,,,,,,,,,,,,,,,,,,,,,,,,,,,,,
2015-12,7.94,19.21,1.15,3.14,30.92,2.08,,,0.01,0.85,4.19,2.22,0.06,14.91,2.41,2.62,0.51,0.02,0.5,0.06,0.06,,0.14,1.93,,0.73,,0.01,,0.21,0.17,0.17,0.09,0.04,0.01,1.23,0.48,0.86,0.04,0.07,0.07,0.1,0.01,0.05,0.15,0.09,0.09,0.01,0.13,0.1,0.08,0.02,0.01,0.01,0.04,,,,,,,,,,,,,,,,,,,,,,,,,,,,,,,,,,,,,,,,,,,,,,,,,,
2016-01,7.43,19.58,1.04,3.07,30.56,2.18,,,,0.71,4.28,2.17,0.09,15.58,2.59,2.57,0.48,0.02,0.47,0.06,0.05,,0.14,2.0,,0.75,,,,0.2,0.16,0.16,0.09,0.04,,1.16,0.47,0.85,0.05,0.07,0.07,0.11,,0.05,0.15,0.09,0.09,,0.13,0.09,0.07,0.02,,0.01,0.05,0.0,0.0,0.0,0.0,0.0,0.0,0.0,0.01,0.02,0.0,0.0,0.0,,,,,,,,,,,,,,,,,,,,,,,,,,,,,,,,,,,,,,
2016-02,7.26,19.47,1.05,3.01,30.63,2.09,,,,0.57,4.1,2.18,0.09,15.96,2.73,2.63,0.46,0.02,0.45,0.05,0.05,,0.16,2.15,,0.82,,,,0.19,0.16,0.16,0.09,0.04,,1.05,0.48,0.88,0.04,0.06,0.07,0.1,,0.04,0.16,0.09,0.09,,0.12,0.08,0.07,0.02,,0.01,0.05,0.0,0.0,0.0,0.0,0.0,0.0,0.0,0.01,0.01,0.0,0.0,0.0,,,,,,,,,,,,,,,,,,,,,,,,,,,,,,,,,,,,,,
2016-03,6.66,18.82,0.98,3.13,32.65,2.05,,,,0.54,4.1,2.11,0.08,14.27,2.94,2.46,0.47,0.01,0.46,0.05,0.04,,0.26,2.17,,1.01,,,,0.25,0.15,0.15,0.1,0.04,,1.13,0.58,1.14,0.04,0.06,0.09,0.11,,0.04,0.17,0.1,0.12,,0.16,0.08,0.08,0.02,,0.01,0.06,0.0,0.0,0.0,0.0,0.0,0.0,0.02,0.01,0.01,0.0,0.0,0.0,,,,,,,,,,,,,,,,,,,,,,,,,,,,,,,,,,,,,,
2016-04,6.47,18.8,1.02,3.07,32.34,2.09,,,,0.55,4.1,2.07,0.08,14.73,3.12,2.35,0.48,0.01,0.45,0.05,0.04,,0.26,2.25,,1.06,,,,0.23,0.14,0.14,0.11,0.04,,1.01,0.57,1.15,0.04,0.05,0.1,0.12,,0.04,0.19,0.12,0.13,,0.14,0.06,0.07,0.02,,0.01,0.07,0.0,0.0,0.0,0.0,0.0,0.0,0.02,0.02,0.01,0.0,0.0,0.0,,,,,,,,,,,,,,,,,,,,,,,,,,,,,,,,,,,,,,
2016-05,6.23,18.63,0.99,2.98,32.17,2.13,,,,0.62,3.98,2.01,0.07,15.49,3.25,2.46,0.46,0.01,0.43,0.05,0.03,,0.25,2.34,,1.05,,,,0.21,0.14,0.14,0.1,0.04,,0.89,0.54,1.13,0.04,0.05,0.1,0.12,,0.04,0.18,0.11,0.13,,0.13,0.06,0.06,0.01,,0.01,0.07,0.0,0.0,0.0,0.0,0.0,0.0,0.02,0.02,0.01,0.0,0.0,0.0,,,,,,,,,,,,,,,,,,,,,,,,,,,,,,,,,,,,,,
2016-06,5.42,20.33,0.88,2.95,32.49,2.11,,,,0.73,4.3,2.03,0.08,14.5,3.56,2.01,0.48,0.01,0.44,0.05,0.03,,0.25,2.18,,0.99,,,,0.21,0.12,0.09,0.1,0.04,,0.91,0.48,1.03,0.03,0.04,0.11,0.11,,0.03,0.19,0.12,0.14,,0.14,0.07,0.07,0.01,,0.01,0.06,0.0,0.0,0.0,0.0,0.0,0.0,0.02,0.02,0.01,0.0,0.0,0.0,,,,,,,,,,,,,,,,,,,,,,,,,,,,,,,,,,,,,,
2016-07,5.36,19.89,0.8,2.77,32.19,2.2,,,,0.88,4.23,2.0,0.08,15.36,3.74,1.96,0.48,0.01,0.42,0.05,0.03,,0.24,2.24,,1.02,,,,0.2,0.11,0.07,0.11,0.04,,0.87,0.47,0.99,0.03,0.03,0.11,0.11,,0.03,0.21,0.13,0.14,,0.13,0.06,0.07,0.01,,0.01,0.07,0.0,0.0,0.0,0.0,0.0,0.0,0.02,0.03,0.01,0.0,0.0,0.0,,,,,,,,,,,,,,,,,,,,,,,,,,,,,,,,,,,,,,
2016-08,5.09,20.07,0.68,2.66,32.17,2.23,,,,0.68,4.32,1.98,0.07,15.96,3.87,1.95,0.47,0.01,0.4,0.05,0.03,,0.22,2.24,,0.94,,,,0.2,0.1,0.06,0.1,0.04,,0.9,0.41,0.95,0.03,0.03,0.11,0.12,,0.03,0.18,0.12,0.13,,0.13,0.07,0.07,0.01,,0.01,0.07,0.0,0.0,0.0,0.0,0.0,0.0,0.03,0.02,0.01,0.0,0.0,0.0,,,,,,,,,,,,,,,,,,,,,,,,,,,,,,,,,,,,,,
2016-09,4.78,19.38,0.64,2.56,32.33,2.26,,,,0.38,4.18,1.99,0.06,17.1,3.83,2.14,0.46,0.01,0.37,0.04,0.03,,0.21,2.47,,0.92,,,,0.2,0.11,0.05,0.08,0.04,,0.9,0.38,0.96,0.03,0.04,0.11,0.11,,0.03,0.15,0.11,0.13,,0.13,0.08,0.07,0.01,,0.01,0.1,0.0,0.0,0.0,0.0,0.0,0.0,0.03,0.02,0.01,0.0,0.0,0.0,,,,,,,,,,,,,,,,,,,,,,,,,,,,,,,,,,,,,,
2016-10,4.38,19.12,0.6,2.39,32.7,2.36,,,,0.37,4.04,1.91,0.08,16.06,3.69,2.1,0.49,0.01,0.35,0.04,0.02,,0.22,2.82,,1.35,,,,0.21,0.1,0.04,0.13,0.04,,0.94,0.72,1.04,0.03,0.03,0.13,0.11,,0.03,0.3,0.1,0.15,,0.16,0.09,0.1,0.01,,0.01,0.15,0.05,0.11,0.08,0.01,0.0,0.0,0.03,0.01,0.01,0.0,0.0,0.0,,,,,,,,,,,,,,,,,,,,,,,,,,,,,,,,,,,,,,
2016-11,3.84,18.85,0.56,2.37,34.09,2.28,,,,0.39,4.06,1.79,0.18,11.81,3.63,1.97,0.58,0.01,0.44,0.06,0.04,,0.38,2.82,,1.87,,,,0.25,0.09,0.03,0.23,0.03,,1.04,1.36,1.14,0.02,0.19,0.22,0.12,,0.03,0.91,0.1,0.17,,0.2,0.24,0.16,0.02,,0.01,0.3,0.31,0.24,0.18,0.07,0.08,0.07,0.03,0.01,0.01,0.02,0.05,0.05,,,,,,,,,,,,,,,,,,,,,,,,,,,,,,,,,,,,,,
2016-12,3.57,18.89,0.46,2.39,33.63,2.19,,,,0.39,3.89,1.74,0.43,10.31,3.68,2.03,0.62,0.01,0.56,0.08,0.05,,0.4,2.91,,2.11,,,,0.24,0.08,0.04,0.26,0.03,,0.97,1.63,1.17,0.02,0.41,0.23,0.12,,0.03,1.1,0.11,0.19,,0.2,0.35,0.16,0.06,,0.01,0.41,0.46,0.25,0.2,0.22,0.17,0.17,0.03,0.01,0.02,0.14,0.08,0.07,,,,,,,,,,,,,,,,,,,,,,,,,,,,,,,,,,,,,,
2017-01,3.41,19.73,0.45,2.3,33.71,2.12,,,,0.38,3.87,1.66,0.15,8.78,3.78,1.83,0.63,,0.56,0.08,0.05,,0.33,2.92,,2.16,,0.01,,0.24,0.07,0.05,0.27,0.03,,0.98,1.9,1.23,0.02,0.58,0.25,0.12,,0.03,1.32,0.11,0.2,,0.21,0.36,0.18,0.07,,0.01,0.42,0.5,0.23,0.19,0.2,0.22,0.21,0.03,0.01,0.03,0.12,0.1,0.07,0.0,0.13,0.02,0.08,0.02,0.05,0.05,0.06,0.01,0.01,0.0,0.01,0.01,0.01,0.01,0.01,0.01,0.01,,,,,,,,,,,,,,,,,,,,
2017-02,3.29,19.45,0.48,2.22,33.11,2.12,,,,0.38,3.75,1.64,0.21,8.22,3.95,1.76,0.62,,0.59,0.08,0.05,,0.31,3.08,,2.39,,0.01,,0.22,0.05,0.06,0.3,0.03,,0.9,2.14,1.25,0.02,0.58,0.26,0.11,,0.02,1.49,0.12,0.22,,0.21,0.32,0.18,0.08,,0.01,0.47,0.55,0.23,0.2,0.38,0.22,0.22,0.03,0.01,0.03,0.36,0.1,0.07,0.07,0.18,0.1,0.09,0.08,0.07,0.06,0.07,0.02,0.02,0.01,0.02,0.02,0.01,0.01,0.01,0.01,0.01,,,,,,,,,,,,,,,,,,,,
2017-03,2.97,19.5,0.39,2.13,33.16,2.13,,,,0.39,3.72,1.6,0.26,8.13,3.95,1.77,0.63,,0.58,0.08,0.05,,0.31,3.11,,2.59,,0.01,,0.23,0.06,0.06,0.3,0.03,,0.93,2.34,1.27,0.02,0.58,0.25,0.11,,0.02,1.63,0.12,0.23,,0.22,0.3,0.2,0.08,,0.01,0.47,0.54,0.22,0.21,0.2,0.23,0.22,0.03,0.01,0.03,0.27,0.1,0.07,0.12,0.17,0.1,0.08,0.1,0.08,0.06,0.08,0.03,0.02,0.02,0.02,0.02,0.01,0.01,0.01,0.01,0.01,,,,,,,,,,,,,,,,,,,,
2017-04,2.69,19.87,0.35,2.11,33.02,2.11,,,,0.36,3.64,1.56,0.27,7.79,4.15,1.62,0.64,,0.58,0.08,0.04,,0.3,3.07,,2.77,,0.01,,0.22,0.05,0.05,0.29,0.03,,0.92,2.51,1.29,0.02,0.66,0.28,0.12,,0.02,1.66,0.12,0.26,,0.23,0.36,0.21,0.08,,0.02,0.45,0.49,0.18,0.2,0.2,0.26,0.2,0.03,0.01,0.03,0.26,0.12,0.06,0.25,0.16,0.1,0.08,0.09,0.08,0.08,0.07,0.04,0.03,0.02,0.02,0.02,0.01,0.01,0.01,0.01,0.01,,,,,,,,,,,,,,,,,,,,
2017-05,2.7,19.32,0.34,2.04,33.17,2.1,,,,0.35,3.58,1.49,0.27,7.56,4.37,1.54,0.64,,0.57,0.08,0.04,,0.28,3.07,,3.06,,0.01,,0.21,0.04,0.05,0.29,0.03,,0.84,2.83,1.32,0.01,0.64,0.28,0.12,,0.02,1.74,0.12,0.26,,0.22,0.35,0.21,0.07,,0.01,0.47,0.49,0.17,0.2,0.21,0.24,0.19,0.03,0.01,0.03,0.26,0.12,0.06,0.43,0.16,0.1,0.09,0.09,0.08,0.08,0.07,0.04,0.02,0.02,0.02,0.02,0.01,0.01,0.01,0.01,0.01,,,,,,,,,,,,,,,,,,,,
2017-06,2.5,19.35,0.3,1.99,33.1,2.11,,,,0.34,3.65,1.46,0.29,7.37,4.48,1.48,0.66,,0.58,0.07,0.05,,0.27,3.09,,3.28,,0.01,,0.19,0.04,0.06,0.29,0.03,,0.8,2.97,1.29,0.01,0.59,0.27,0.1,,0.02,1.71,0.13,0.25,,0.22,0.29,0.21,0.07,,0.01,0.48,0.48,0.16,0.19,0.23,0.22,0.19,0.03,0.01,0.03,0.28,0.1,0.06,0.62,0.15,0.13,0.1,0.1,0.08,0.08,0.07,0.04,0.05,0.03,0.02,0.02,0.01,0.01,0.01,0.01,0.01,,,,,,,,,,,,,,,,,,,,
2017-07,2.42,18.78,0.3,1.93,33.4,2.19,,,,0.34,3.69,1.41,0.29,7.59,4.56,1.37,0.64,,0.57,0.07,0.05,,0.27,3.09,,3.55,,0.01,,0.18,0.03,0.06,0.3,0.03,,0.8,3.06,1.29,0.01,0.52,0.25,0.08,,0.02,1.63,0.13,0.23,,0.23,0.25,0.22,0.06,,0.01,0.47,0.43,0.14,0.18,0.23,0.23,0.18,0.03,0.01,0.03,0.3,0.08,0.05,0.78,0.18,0.15,0.12,0.09,0.08,0.07,0.07,0.04,0.04,0.04,0.02,0.02,0.01,0.01,0.01,0.01,0.01,,,,,,,,,,,,,,,,,,,,
2017-08,2.2,20.32,0.28,1.86,33.12,2.29,,,,0.33,3.82,1.38,0.29,6.97,4.7,1.23,0.66,,0.58,0.06,0.05,,0.28,2.91,,3.58,,0.01,,0.18,0.03,0.06,0.28,0.03,,0.8,2.98,1.2,0.01,0.48,0.25,0.1,,0.02,1.51,0.12,0.23,,0.24,0.22,0.22,0.06,,0.02,0.44,0.37,0.12,0.17,0.23,0.21,0.16,0.03,0.01,0.04,0.31,0.08,0.04,0.9,0.17,0.16,0.11,0.09,0.08,0.06,0.06,0.04,0.04,0.03,0.02,0.02,0.02,0.01,0.01,0.01,0.01,,,,,,,,,,,,,,,,,,,,
2017-09,2.07,19.37,0.27,1.88,33.71,2.31,,,,0.31,3.82,1.35,0.31,7.42,4.85,1.17,0.66,,0.61,0.06,0.04,,0.29,2.86,,3.59,,0.01,,0.17,0.03,0.06,0.25,0.03,,0.79,3.02,1.21,0.01,0.47,0.26,0.11,,0.02,1.39,0.11,0.24,,0.24,0.22,0.23,0.06,,0.02,0.41,0.34,0.11,0.15,0.25,0.21,0.15,0.03,0.01,0.05,0.34,0.07,0.04,0.97,0.17,0.17,0.13,0.08,0.09,0.06,0.06,0.04,0.04,0.03,0.02,0.02,0.02,0.01,0.01,0.01,0.01,,,,,,,,,,,,,,,,,,,,
2017-10,2.09,19.99,0.26,1.82,32.63,2.41,,,,0.32,3.58,1.24,0.31,7.48,5.06,1.14,0.64,,0.56,0.06,0.04,,0.26,2.79,,4.0,,0.01,,0.13,0.03,0.06,0.26,0.03,,0.6,3.28,1.16,0.01,0.49,0.29,0.12,,0.01,1.4,0.12,0.32,,0.19,0.22,0.19,0.06,,0.02,0.41,0.31,0.11,0.15,0.25,0.22,0.15,0.02,0.01,0.04,0.37,0.07,0.04,1.17,0.16,0.17,0.1,0.09,0.08,0.07,0.06,0.05,0.03,0.03,0.02,0.02,0.02,0.01,0.01,0.01,0.01,,,,,,,,,,,,,,,,,,,,
2017-11,1.96,20.34,0.22,1.78,31.88,2.54,,,,0.34,3.52,1.23,0.3,7.46,5.06,1.21,0.63,,0.49,0.05,0.04,,0.22,2.86,,4.38,,0.01,,0.13,0.04,0.05,0.27,0.03,,0.58,3.34,1.13,0.01,0.5,0.28,0.13,,0.01,1.38,0.12,0.32,,0.18,0.2,0.19,0.07,,0.02,0.44,0.33,0.11,0.16,0.25,0.21,0.16,0.02,0.01,0.03,0.37,0.07,0.05,1.33,0.15,0.18,0.08,0.1,0.08,0.07,0.06,0.06,0.03,0.03,0.02,0.02,0.02,0.01,0.01,0.01,0.01,,,,,,,,,,,,,,,,,,,,
2017-12,2.0,19.91,0.2,1.71,31.65,2.55,,,,0.4,3.48,1.19,0.3,7.68,4.96,1.26,0.63,,0.46,0.05,0.04,,0.21,2.94,,4.75,,0.01,,0.12,0.04,0.05,0.28,0.03,,0.56,3.42,1.13,0.01,0.51,0.26,0.12,,0.01,1.4,0.12,0.25,,0.18,0.18,0.2,0.07,,0.01,0.45,0.33,0.12,0.17,0.26,0.18,0.17,0.02,0.01,0.03,0.37,0.06,0.05,1.49,0.13,0.19,0.09,0.11,0.07,0.07,0.06,0.08,0.04,0.03,0.02,0.02,0.02,0.01,0.01,0.01,0.01,,,,,,,,,,,,,,,,,,,,
2018-01,2.04,19.64,0.18,1.71,31.81,2.64,,,,0.43,3.48,1.12,0.37,7.52,5.26,1.24,0.62,,0.46,0.05,0.04,,0.21,2.87,,4.85,,0.02,,0.12,0.04,0.05,0.27,0.03,,0.56,3.45,1.1,,0.49,0.26,0.12,,,1.35,0.12,0.19,,0.18,0.15,0.2,0.07,,0.01,0.46,0.32,0.11,0.16,0.26,0.15,0.17,,,0.03,0.38,0.06,0.05,1.62,0.13,0.2,0.08,0.11,0.08,0.06,0.07,0.08,0.04,0.03,0.02,0.02,0.02,,,,,0.0,0.01,0.01,,,,,,,,,,,,,,,,,
2018-02,1.71,20.15,0.17,1.64,31.94,2.59,,,,0.41,3.47,1.06,0.36,7.34,5.46,1.05,0.62,,0.45,0.05,0.03,,0.2,2.75,,5.11,,0.01,,0.11,0.03,0.06,0.26,0.02,,0.53,3.59,1.15,,0.47,0.26,0.11,,,1.28,0.12,0.15,,0.17,0.15,0.19,0.06,,0.01,0.42,0.28,0.09,0.16,0.25,0.15,0.15,,,0.03,0.38,0.05,0.04,1.71,0.14,0.18,0.1,0.1,0.07,0.06,0.07,0.07,0.04,0.04,0.02,0.02,0.02,,,,,0.0,0.01,0.01,,,,,,,,,,,,,,,,,
2018-03,1.6,20.83,0.16,1.6,31.14,2.66,,,,0.44,3.27,1.03,0.36,8.19,5.82,1.04,0.61,,0.49,0.05,0.03,,0.2,2.6,,4.97,,0.01,,0.08,0.03,0.06,0.25,0.03,,0.38,3.4,1.08,,0.44,0.27,0.13,,,1.22,0.11,0.16,,0.12,0.13,0.14,0.05,,0.01,0.42,0.27,0.09,0.15,0.26,0.14,0.15,,,0.03,0.42,0.05,0.04,1.75,0.16,0.21,0.1,0.1,0.08,0.06,0.08,0.07,0.05,0.05,0.02,0.02,0.02,,,,,0.0,0.01,0.01,,,,,,,,,,,,,,,,,
2018-04,1.73,19.23,0.16,1.57,30.76,2.68,,,,0.44,3.22,0.97,0.37,7.81,6.21,1.06,0.63,,0.47,0.05,0.03,,0.2,2.53,,6.12,,0.02,,0.05,0.04,0.07,0.22,0.03,,0.28,3.97,1.09,,0.39,0.26,0.12,,,1.29,0.13,0.16,,0.09,0.09,0.11,0.06,,0.01,0.45,0.27,0.09,0.16,0.33,0.09,0.16,,,0.03,0.53,0.03,0.04,1.96,0.17,0.25,0.1,0.11,0.07,0.04,0.09,0.07,0.05,0.06,0.02,0.02,0.02,,,,,0.02,0.02,0.01,,,,,,,,,,,,,,,,,
2018-05,1.52,18.97,0.12,1.5,30.15,2.81,,,,0.42,3.13,0.93,0.38,7.11,6.58,1.06,0.63,,0.47,0.04,0.03,,0.18,2.59,,7.02,,0.02,,0.04,0.03,0.07,0.24,0.03,,0.21,4.19,1.01,,0.48,0.27,0.11,,,1.33,0.13,0.17,,0.06,0.09,0.08,0.08,,0.01,0.49,0.28,0.09,0.16,0.35,0.1,0.17,,,0.03,0.55,0.03,0.04,2.22,0.17,0.3,0.08,0.12,0.06,0.04,0.1,0.08,0.05,0.06,0.02,0.02,0.02,,,,,0.04,0.02,0.01,,,,,,,,,,,,,,,,,
2018-06,1.44,18.91,0.11,1.46,30.66,2.88,,,,0.43,3.23,0.91,0.42,6.68,7.01,0.91,0.64,,0.49,0.03,0.03,,0.16,2.45,,7.02,,0.02,,0.05,0.03,0.06,0.22,0.03,,0.26,4.12,0.91,,0.52,0.27,0.09,,,1.24,0.13,0.15,,0.08,0.08,0.1,0.08,,0.01,0.46,0.24,0.07,0.15,0.36,0.1,0.16,,,0.03,0.51,0.03,0.04,2.28,0.23,0.31,0.05,0.1,0.06,0.04,0.1,0.07,0.08,0.06,0.02,0.02,0.02,,,,,0.04,0.02,0.02,,,,,,,,,,,,,,,,,
2018-07,1.33,19.4,0.1,1.42,30.7,2.81,,,,0.43,3.26,0.88,0.37,6.14,7.15,0.8,0.61,,0.62,0.03,0.03,,0.15,2.3,,7.34,,0.02,,0.05,0.03,0.07,0.2,0.02,,0.29,4.23,0.91,,0.51,0.28,0.08,,,1.19,0.13,0.16,,0.09,0.08,0.11,0.08,,0.01,0.43,0.22,0.07,0.14,0.33,0.1,0.15,,,0.03,0.47,0.03,0.04,2.45,0.21,0.29,0.05,0.09,0.06,0.04,0.1,0.07,0.06,0.06,0.02,0.02,0.02,,,,,0.04,0.02,0.01,,,,,,,,,,,,,,,,,
2018-08,1.29,20.45,0.09,1.4,30.9,2.68,,,,0.43,3.2,0.9,0.35,5.66,7.1,0.69,0.59,,0.61,0.03,0.03,,0.16,2.09,,7.12,,0.02,,0.07,0.03,0.06,0.17,0.02,,0.42,4.14,0.94,,0.52,0.33,0.09,,,1.06,0.11,0.31,,0.13,0.1,0.16,0.07,,0.01,0.39,0.2,0.06,0.13,0.32,0.14,0.13,,,0.03,0.46,0.03,0.03,2.46,0.19,0.27,0.04,0.08,0.06,0.05,0.09,0.06,0.06,0.05,0.02,0.02,0.02,,,,,0.04,0.02,0.01,,,,,,,,,,,,,,,,,
2018-09,1.24,20.66,0.08,1.36,30.8,2.67,,,,0.45,3.11,0.84,0.34,4.76,7.57,0.68,0.57,,0.58,0.03,0.03,,0.14,2.06,,7.39,,0.02,,0.05,0.03,0.06,0.17,0.02,,0.3,4.35,0.97,,0.55,0.41,0.11,,,1.03,0.1,0.45,,0.09,0.11,0.12,0.08,,0.01,0.38,0.19,0.06,0.12,0.34,0.16,0.13,,,0.03,0.48,0.04,0.03,2.63,0.18,0.27,0.03,0.08,0.05,0.05,0.09,0.06,0.06,0.05,0.02,0.02,0.02,,,,,0.04,0.02,0.01,,,,,,,,,,,,,,,,,
2018-10,1.25,22.34,0.07,1.29,30.07,2.78,,,,0.48,3.12,0.83,0.32,4.81,7.37,0.67,0.52,,0.58,0.03,0.03,,0.13,2.0,,7.26,,0.02,,0.05,0.03,0.06,0.16,0.02,,0.33,4.14,0.93,,0.5,0.36,0.1,,,0.93,0.1,0.45,,0.1,0.09,0.13,0.07,,0.01,0.34,0.17,0.05,0.11,0.34,0.14,0.12,,,0.03,0.45,0.03,0.03,2.69,0.16,0.27,0.03,0.08,0.05,0.04,0.08,0.05,0.06,0.05,0.02,0.02,0.02,,,,,0.04,0.02,0.01,,,,,,,,,,,,,,,,,
2018-11,1.29,24.44,0.07,0.84,28.34,3.02,,,,0.51,3.07,0.83,0.24,5.27,6.31,0.76,0.44,,0.37,0.02,0.02,,0.11,2.15,,7.83,,0.01,,0.06,0.04,0.04,0.16,0.02,,0.33,4.23,0.67,,0.53,0.27,0.06,,,0.85,0.08,0.34,,0.04,0.08,0.07,0.06,,0.01,0.35,0.17,0.05,0.09,0.3,0.1,0.13,,,0.02,0.47,0.02,0.03,3.42,0.14,0.3,0.03,0.09,0.04,0.03,0.07,0.06,0.07,0.05,0.01,0.01,0.01,,,,,0.05,0.02,0.01,,,,,,,,,,,,,,,,,
2018-12,1.21,21.98,0.06,0.83,30.91,2.75,,,,0.5,2.79,0.78,0.19,4.52,7.52,0.69,0.38,,0.22,0.01,0.02,,0.09,1.94,,8.44,,0.01,,0.06,0.03,0.03,0.14,0.02,,0.41,4.87,0.65,,0.48,0.23,0.05,,,0.71,0.07,0.52,,0.04,0.06,0.08,0.05,,0.01,0.3,0.14,0.05,0.07,0.26,0.08,0.11,,,0.01,0.43,0.01,0.02,3.3,0.13,0.27,0.02,0.08,0.03,0.02,0.06,0.06,0.06,0.04,0.01,0.01,0.01,,,,,0.04,0.02,0.01,,,,,,,,,,,,,,,,,
2019-01,1.16,22.85,0.06,0.79,32.16,2.72,,,,0.49,2.78,0.76,0.19,4.43,7.87,0.6,0.35,,0.2,0.01,0.01,,0.09,1.77,,7.88,,0.01,,0.07,0.03,0.03,0.12,0.02,,0.46,4.49,0.57,,0.4,0.16,0.05,,,0.6,0.06,0.5,,0.04,0.04,0.08,0.04,,,0.26,0.11,0.04,0.06,0.24,0.04,0.09,,,0.01,0.39,,0.02,3.04,0.13,0.24,0.02,0.07,0.03,,0.05,0.05,0.05,0.04,0.01,0.0,0.01,,,,,0.04,0.02,,0.0,0.0,0.0,0.01,0.01,0.0,,,,,,,,,,,
2019-02,1.19,23.28,0.05,0.75,31.52,2.77,,,,0.53,2.74,0.72,0.17,4.65,8.12,0.57,0.33,,0.19,0.01,0.01,,0.08,1.7,,8.03,,0.01,,0.06,0.03,0.03,0.11,0.02,,0.36,4.46,0.54,,0.37,0.13,0.05,,,0.58,0.06,0.52,,0.03,0.03,0.07,0.04,,,0.25,0.11,0.03,0.06,0.23,0.02,0.09,,,0.01,0.39,,0.02,3.12,0.15,0.24,0.02,0.06,0.02,,0.05,0.04,0.04,0.06,0.01,0.0,0.01,,,,,0.04,0.02,,0.0,0.0,0.0,0.01,0.01,0.0,,,,,,,,,,,
2019-03,1.19,22.4,0.06,1.15,31.77,2.72,,,,0.52,2.89,0.66,0.29,4.11,8.57,0.47,0.39,,0.33,0.02,0.02,,0.11,1.51,,7.52,,0.02,,0.06,0.02,0.05,0.1,0.02,,0.36,4.41,0.91,,0.36,0.19,0.1,,,0.68,0.09,0.6,,0.11,0.03,0.16,0.05,,,0.26,0.1,0.03,0.08,0.32,0.03,0.09,,,0.03,0.48,,0.02,2.65,0.15,0.25,0.02,0.05,0.03,,0.07,0.04,0.05,0.07,0.02,0.01,0.02,,,,,0.03,0.03,,0.02,0.0,0.0,0.02,0.01,0.02,,,,,,,,,,,
2019-04,1.13,22.76,0.06,1.14,32.16,2.62,,,,0.55,2.87,0.66,0.27,4.19,8.72,0.4,0.37,,0.34,0.02,0.02,,0.11,1.41,,7.21,,0.02,,0.07,0.02,0.05,0.09,0.02,,0.44,4.35,0.93,,0.33,0.17,0.09,,,0.63,0.09,0.6,,0.13,0.02,0.2,0.04,,,0.22,0.09,0.03,0.07,0.29,0.03,0.07,,,0.02,0.43,,0.02,2.58,0.15,0.23,0.03,0.04,0.03,,0.07,0.03,0.05,0.07,0.01,0.02,0.02,,,,,0.02,0.03,,0.03,0.0,0.0,0.02,0.01,0.02,,,,,,,,,,,
2019-05,1.13,22.66,0.05,1.11,31.55,2.68,,,,0.6,2.89,0.62,0.25,4.49,8.97,0.39,0.36,,0.32,0.02,0.02,,0.1,1.35,,7.46,,0.02,,0.05,0.02,0.05,0.09,0.02,,0.36,4.42,0.95,,0.31,0.15,0.08,,,0.62,0.08,0.61,,0.11,0.02,0.17,0.04,,,0.21,0.08,0.02,0.07,0.29,0.02,0.07,,,0.02,0.47,,0.02,2.73,0.11,0.23,0.03,0.04,0.03,,0.07,0.03,0.03,0.07,0.01,0.02,0.02,,,,,0.02,0.03,,0.03,0.0,0.0,0.02,0.01,0.02,,,,,,,,,,,
2019-06,1.12,22.04,0.04,1.01,31.98,2.69,,,,0.63,2.81,0.58,0.24,5.03,9.04,0.38,0.36,,0.3,0.01,0.02,,0.1,1.33,,7.39,,0.02,,0.06,0.02,0.04,0.08,0.01,,0.47,4.21,0.88,,0.32,0.13,0.07,,,0.6,0.07,0.6,,0.14,0.02,0.21,0.04,,,0.21,0.08,0.02,0.06,0.29,0.01,0.07,,,0.02,0.42,,0.02,2.82,0.14,0.23,0.02,0.04,0.03,,0.07,0.03,0.05,0.09,0.01,0.01,0.02,,,,,0.02,0.03,,0.04,0.0,0.0,0.02,0.01,0.02,,,,,,,,,,,
2019-07,1.11,22.01,0.04,0.94,31.13,2.63,,,,0.62,2.56,0.54,0.23,5.36,9.15,0.35,0.33,,0.28,0.01,0.02,,0.09,1.3,,7.76,,0.02,,0.06,0.02,0.14,0.08,0.01,,0.42,4.46,0.87,,0.31,0.12,0.06,,,0.66,0.08,0.58,,0.12,0.01,0.19,0.03,,,0.2,0.07,0.02,0.06,0.28,0.01,0.07,,,0.02,0.4,,0.02,3.26,0.14,0.22,0.03,0.04,0.03,,0.06,0.03,0.05,0.08,0.01,0.01,0.02,,,,,0.02,0.02,,0.04,0.0,0.0,0.03,0.02,0.02,,,,,,,,,,,
2019-08,1.08,22.17,0.04,0.9,31.47,2.56,,,,0.62,2.59,0.52,0.23,3.69,9.02,0.32,0.32,,0.31,0.01,0.02,,0.09,1.22,,8.38,,0.02,,0.05,0.02,0.23,0.07,0.01,,0.42,4.73,0.87,,0.29,0.13,0.06,,,0.59,0.09,0.58,,0.12,0.01,0.19,0.03,,,0.19,0.06,0.02,0.06,0.29,0.01,0.06,,,0.02,0.46,,0.02,3.31,0.15,0.22,0.02,0.04,0.02,,0.06,0.03,0.05,0.04,0.01,0.01,0.02,,,,,0.02,0.03,,0.29,0.23,0.07,0.04,0.03,0.02,,,,,,,,,,,
2019-09,1.02,22.48,0.03,0.85,31.18,2.48,,,,0.62,2.47,0.47,0.22,3.16,10.02,0.29,0.29,,0.29,0.01,0.02,,0.08,1.09,,8.26,,0.02,,0.05,0.01,0.45,0.07,0.01,,0.41,4.57,0.8,,0.27,0.12,0.07,,,0.58,0.08,0.65,,0.12,0.01,0.18,0.03,,,0.18,0.06,0.02,0.05,0.32,0.01,0.06,,,0.02,0.45,,0.01,3.32,0.13,0.22,0.02,0.03,0.02,,0.05,0.02,0.04,0.04,0.01,0.01,0.02,,,,,0.02,0.02,,0.49,0.29,0.1,0.04,0.04,0.02,,,,,,,,,,,
2019-10,0.95,22.09,0.03,0.84,31.49,2.41,,,,2.35,2.4,0.42,0.24,3.27,10.02,0.28,0.27,,0.27,0.01,0.01,,0.08,0.96,,7.79,,0.02,,0.05,0.01,0.51,0.07,0.01,,0.42,4.1,0.74,,0.24,0.11,0.06,,,0.5,0.08,0.7,,0.12,0.01,0.18,0.03,,,0.15,0.05,0.01,0.05,0.32,0.01,0.05,,,0.02,0.42,,0.01,3.15,0.12,0.2,0.01,0.03,0.02,,0.05,0.02,0.04,0.03,0.01,0.01,0.02,,,,,0.02,0.02,,0.54,0.31,0.1,0.04,0.04,0.02,,,,,,,,,,,
2019-11,0.97,22.9,0.03,0.83,31.36,2.4,,,,0.66,2.4,0.4,0.26,3.21,10.18,0.24,0.27,,0.27,0.01,0.02,,0.08,0.97,,8.16,,0.02,,0.05,0.01,0.52,0.07,0.01,,0.43,4.42,0.75,,0.22,0.1,0.06,,,0.45,0.07,0.73,,0.13,0.01,0.19,0.03,,,0.14,0.05,0.01,0.05,0.32,0.01,0.05,,,0.01,0.45,,0.01,3.41,0.13,0.19,0.01,0.03,0.02,,0.05,0.02,0.04,0.02,0.01,0.01,0.02,,,,,0.02,0.02,,0.78,0.06,0.08,0.04,0.05,0.02,,,,,,,,,,,
2019-12,0.9,24.79,0.03,0.77,31.37,2.5,,,,0.75,2.54,0.38,0.24,2.67,9.95,0.18,0.27,,0.27,0.01,0.03,,0.07,0.87,,7.73,,0.02,,0.05,0.01,0.53,0.07,0.01,,0.42,4.23,0.7,,0.18,0.09,0.06,,,0.39,0.07,0.74,,0.14,0.01,0.19,0.02,,,0.12,0.04,0.01,0.04,0.33,0.01,0.04,,,0.01,0.43,,0.01,3.19,0.11,0.18,0.01,0.02,0.02,,0.04,0.01,0.04,0.02,0.01,0.01,0.01,,,,,0.01,0.02,,0.84,0.0,0.08,0.03,0.04,0.02,,,,,,,,,,,
2020-01,0.88,24.76,0.03,0.8,31.29,2.42,,0.02,,0.69,2.4,0.38,0.29,2.18,10.61,0.15,0.26,,0.27,,0.02,,0.07,0.86,,8.1,,0.02,,0.05,,0.48,0.06,,,0.43,4.25,0.69,,0.15,0.09,0.06,,,0.35,0.08,0.79,,0.15,,0.2,0.02,,,0.11,0.03,,0.04,0.37,,0.03,,,0.01,0.47,,,3.02,0.1,0.18,,,0.02,,0.04,,0.03,0.02,,0.01,0.02,,,,,,0.03,,0.88,,0.08,0.02,0.04,0.02,0.04,0.02,0.01,0.0,,,,,,,
2020-02,0.81,25.89,0.02,0.8,30.91,2.36,,0.02,,0.7,2.34,0.37,0.26,1.95,10.98,0.12,0.31,,0.28,,0.02,,0.06,0.77,,7.8,,0.02,,0.06,,0.4,0.06,,,0.41,4.31,0.69,,0.13,0.09,0.06,,,0.34,0.08,0.78,,0.15,,0.19,0.02,,,0.09,0.02,,0.03,0.38,,0.03,,,0.01,0.44,,,2.89,0.08,0.15,,,0.01,,0.04,,0.03,0.02,,0.01,0.01,,,,,,0.03,,0.89,,0.11,0.02,0.04,0.02,0.05,0.02,0.01,0.0,,,,,,,
2020-03,0.72,27.03,0.02,0.76,30.8,2.35,,0.02,,0.73,2.28,0.36,0.26,1.83,10.7,0.12,0.37,,0.28,,0.02,,0.06,0.74,,7.7,,0.02,,0.06,,0.32,0.05,,,0.36,4.3,0.66,,0.12,0.09,0.05,,,0.31,0.07,0.78,,0.13,,0.17,0.02,,,0.08,0.02,,0.03,0.37,,0.02,,,0.01,0.4,,,2.87,0.07,0.13,,,0.01,,0.04,,0.03,0.01,,0.01,0.01,,,,,,0.02,,0.93,,0.11,0.02,0.03,0.02,0.05,0.02,0.01,0.01,,,,,,,
2020-04,0.69,28.79,0.02,0.76,30.41,2.51,,0.02,,0.75,2.28,0.35,0.24,1.55,10.28,0.1,0.24,,0.27,,0.02,,0.05,0.71,,7.6,,0.02,,0.06,,0.25,0.05,,,0.33,4.2,0.7,,0.1,0.08,0.04,,,0.28,0.07,0.8,,0.12,,0.15,0.01,,,0.07,0.02,,0.03,0.35,,0.02,,,0.01,0.38,,,2.75,0.05,0.12,,,0.01,,0.03,,0.02,0.01,,0.01,0.01,,,,,,0.02,,0.9,,0.1,0.01,0.03,0.02,0.06,0.02,0.01,0.01,,,,,,,
2020-05,0.73,26.72,0.02,0.78,30.18,2.46,,0.01,,0.7,2.19,0.36,0.26,1.8,10.39,0.1,0.25,,0.29,,0.02,,0.05,0.77,,8.36,,0.03,,0.06,,0.28,0.05,,,0.28,4.7,0.76,,0.11,0.08,0.05,,,0.31,0.07,0.81,,0.11,,0.13,0.02,,,0.08,0.02,,0.03,0.39,,0.02,,,0.01,0.44,,,3.12,0.05,0.14,,,0.01,,0.03,,0.03,0.01,,0.01,0.01,,,,,,0.02,,1.04,,0.11,0.01,0.03,0.02,0.06,0.02,0.01,0.01,,,,,,,
2020-06,0.74,25.26,0.02,0.78,31.06,2.57,,0.01,,0.68,2.11,0.35,0.25,1.81,10.69,0.1,0.23,,0.25,,0.02,,0.05,0.75,,8.55,,0.03,,0.09,,0.25,0.04,,,0.34,4.65,0.75,,0.11,0.08,0.05,,,0.29,0.07,0.77,,0.13,,0.16,0.02,,,0.08,0.02,,0.03,0.42,,0.02,,,0.01,0.5,,,3.18,0.05,0.15,,,0.01,,0.03,,0.02,0.01,,0.01,0.01,,,,,,0.02,,1.04,,0.1,0.01,0.02,0.02,0.06,0.02,0.01,0.01,,,,,,,
2020-07,0.76,24.82,0.02,0.75,30.95,2.45,,0.01,,0.65,2.03,0.33,0.23,1.8,10.75,0.11,0.21,,0.24,,0.02,,0.06,0.74,,8.94,,0.02,,0.09,,0.26,0.04,,,0.37,4.69,0.72,,0.11,0.08,0.04,,,0.29,0.07,0.76,,0.14,,0.17,0.01,,,0.08,0.02,,0.03,0.42,,0.02,,,0.01,0.53,,,3.46,0.04,0.16,,,0.01,,0.03,,0.02,0.01,,0.01,0.01,,,,,,0.02,,1.13,,0.1,0.02,0.02,0.02,0.06,0.02,0.01,0.02,,,,,,,
2020-08,0.74,25.15,0.02,0.73,31.04,2.39,,0.01,,0.63,1.96,0.32,0.21,1.81,10.73,0.1,0.2,,0.23,,0.02,,0.05,0.72,,8.9,,0.02,,0.08,,0.25,0.04,,,0.38,4.69,0.7,,0.1,0.07,0.04,,,0.27,0.06,0.75,,0.15,,0.17,0.01,,,0.07,0.02,,0.02,0.45,,0.02,,,0.01,0.54,,,3.38,0.04,0.16,,,0.01,,0.03,,0.02,0.01,,0.01,0.01,,,,,,0.02,,1.18,,0.1,0.01,0.02,0.02,0.06,0.02,0.01,0.02,,,,,,,
2020-09,0.74,24.98,0.01,0.69,30.57,2.27,,0.01,,0.63,1.88,0.29,0.2,1.67,10.58,0.09,0.19,,0.21,,0.02,,0.05,0.67,,9.49,,0.02,,0.05,,0.23,0.03,,,0.33,4.94,0.67,,0.1,0.07,0.04,,,0.26,0.06,0.81,,0.14,,0.16,0.01,,,0.07,0.02,,0.02,0.55,,0.02,,,0.01,0.6,,,3.5,0.05,0.18,,,0.01,,0.02,,0.02,0.01,,0.01,0.01,,,,,,0.02,,1.45,,0.1,0.01,0.02,0.02,0.06,0.02,0.01,0.02,,,,,,,
2020-10,0.69,26.53,0.02,0.67,30.25,2.21,,0.01,,0.63,1.79,0.28,0.19,1.84,10.44,0.08,0.18,,0.2,,0.02,,0.05,0.65,,9.67,,0.02,,0.04,,0.19,0.03,,,0.31,4.83,0.64,,0.09,0.06,0.04,,,0.24,0.05,0.85,,0.13,,0.15,0.01,,,0.06,0.01,,0.02,0.55,,0.02,,,0.01,0.59,,,2.54,0.05,0.17,,,0.01,,0.01,,0.02,0.01,,0.01,0.01,,,,,,0.02,,1.55,,0.1,0.01,0.01,0.01,0.06,0.02,0.01,0.02,,,,,,,
2020-11,0.69,28.19,0.02,0.67,30.36,2.2,,0.01,,0.7,1.81,0.27,0.18,2.78,10.43,0.08,0.18,,0.2,,0.02,,0.04,0.62,,9.6,,0.02,,0.04,,0.15,0.03,,,0.26,4.8,0.62,,0.08,0.06,0.04,,,0.2,0.05,0.83,,0.11,,0.12,0.01,,,0.06,0.01,,0.02,0.59,,0.02,,,0.01,0.62,,,0.0,0.05,0.18,,,0.01,,0.0,,0.02,0.01,,0.01,0.01,,,,,,0.01,,1.65,,0.13,0.01,0.01,0.02,0.04,0.02,0.01,0.01,,,,,,,
2020-12,0.66,26.91,0.01,0.61,29.14,2.09,,0.02,,0.66,1.71,0.24,0.18,1.69,9.83,0.08,0.16,,0.17,,0.02,,0.04,0.62,,10.02,,0.02,,0.03,,0.07,0.03,,,0.2,5.02,0.58,,0.1,0.06,0.03,,,0.2,0.04,0.84,,0.08,,0.09,0.01,,,0.06,0.01,,0.02,0.63,,0.02,,,0.01,0.73,,,0.01,0.05,0.21,,,0.01,,0.0,,0.02,0.01,,0.01,0.01,,,,,,0.01,,2.07,,3.7,0.01,0.01,0.02,0.04,0.05,0.01,0.01,,,,,,,
2021-01,0.63,27.47,0.01,0.6,28.97,2.13,,0.02,,0.66,1.69,0.23,0.25,1.61,9.72,0.08,0.16,,0.16,,0.02,,0.03,0.6,,10.04,,0.03,,0.02,,0.04,0.03,,,0.19,5.03,0.57,,0.1,0.05,0.03,,,0.19,0.04,0.83,,0.08,,0.08,,,,0.05,,,0.02,0.58,,0.01,,,,0.67,,,,0.04,0.19,,,,,,,0.02,,,,,,,,,,,,2.11,,3.74,,,0.01,0.04,0.06,0.01,,0.01,0.01,,,,,
2021-02,0.64,27.33,0.01,0.59,28.52,2.17,,0.02,,0.66,1.67,0.22,0.24,1.82,9.62,0.08,0.16,,0.16,,0.02,,0.03,0.61,,10.27,,0.03,,0.02,,0.04,0.03,,,0.16,5.07,0.56,,0.1,0.05,0.03,,,0.2,0.04,0.83,,0.07,,0.07,,,,0.06,,,0.02,0.6,,0.02,,,,0.7,,,,0.04,0.19,,,,,,,0.02,,,,,,,,,,,,2.23,,3.84,,,0.01,0.04,0.07,0.01,,0.01,0.01,,,,,
2021-03,0.64,27.41,0.01,0.59,28.35,2.16,,0.03,,0.66,1.63,0.23,0.23,1.94,9.27,0.08,0.15,,0.15,,0.02,,0.03,0.59,,10.31,,0.03,,0.01,,0.03,0.03,,,0.13,5.29,0.57,,0.11,0.05,0.02,,,0.19,0.04,0.83,,0.05,,0.06,,,,0.05,,,0.02,0.61,,0.01,,,,0.7,,,,0.04,0.19,,,,,,,0.02,,,,,,,,,,,,2.32,,3.95,,,0.01,0.04,0.08,0.01,,0.01,0.01,,,,,
2021-04,0.64,27.0,0.02,0.55,28.15,2.19,,0.03,,0.68,1.6,0.21,0.22,2.45,9.19,0.08,0.14,,0.14,,0.02,,0.03,0.62,,10.43,,0.03,,0.01,,0.03,0.03,,,0.12,5.31,0.55,,0.11,0.04,0.02,,,0.19,0.04,0.85,,0.05,,0.05,,,,0.05,,,0.02,0.61,,0.01,,,,0.73,,,,0.03,0.2,,,,,,,0.02,,,,,,,,,,,,2.34,,3.99,,,0.01,0.04,0.09,0.01,,0.01,0.01,,,,,
2021-05,0.64,26.46,0.01,0.53,27.84,2.18,,0.03,,0.67,1.58,0.2,0.21,3.2,8.84,0.07,0.14,,0.13,,0.02,,0.03,0.6,,10.63,,0.02,,0.01,,0.03,0.03,,,0.14,5.39,0.53,,0.11,0.04,0.02,,,0.19,0.04,0.87,,0.06,,0.06,,,,0.05,,,0.02,0.62,,0.01,,,,0.77,,,,0.03,0.21,,,,,,,0.01,,,,,,,,,,,,2.41,,4.12,,,0.01,0.04,0.1,0.01,,0.01,0.02,,,,,
2021-06,0.64,26.35,0.01,0.5,27.48,2.23,,0.03,,0.66,1.55,0.2,0.2,3.12,8.66,0.07,0.14,,0.13,,0.02,,0.03,0.57,,10.8,,0.02,,0.01,,0.02,0.03,,,0.13,5.67,0.52,,0.11,0.04,0.01,,,0.19,0.04,0.89,,0.05,,0.06,,,,0.05,,,0.02,0.63,,0.01,,,,0.74,,,,0.03,0.2,,,,,,,0.01,,,,,,,,,,,,2.62,,4.32,,,0.02,0.04,0.11,0.01,,0.01,0.02,,,,,
2021-07,0.63,26.92,0.01,0.48,27.33,2.27,,0.04,,0.67,1.55,0.19,0.19,3.21,8.19,0.07,0.13,,0.12,,0.02,,0.02,0.56,,10.94,,0.02,,0.01,,0.02,0.03,,,0.12,5.54,0.5,,0.1,0.03,0.01,,,0.18,0.03,0.88,,0.05,,0.05,,,,0.05,,,0.02,0.6,,0.01,,,,0.74,,,,0.03,0.2,,,,,,,0.01,,,,,,,,,,,,2.66,,4.34,,,0.02,0.04,0.11,0.01,,0.02,0.02,,,,,
2021-08,0.6,26.42,0.01,0.46,27.92,2.25,,0.04,,0.68,1.52,0.17,0.17,2.27,7.91,0.05,0.13,,0.11,,0.02,,0.03,0.54,,11.38,,0.02,,0.01,,0.02,0.02,,,0.11,5.61,0.47,,0.09,0.03,0.01,,,0.16,0.03,0.96,,0.05,,0.05,,,,0.05,,,0.01,0.82,,0.01,,,,0.86,,,,0.03,0.26,,,,,,,0.01,,,,,,,,,,,,2.83,,4.58,,,0.01,0.04,0.11,0.01,,0.04,0.01,,,,,
2021-09,0.58,26.75,0.01,0.44,27.55,2.26,,0.03,,0.67,1.45,0.16,0.17,2.26,7.88,0.05,0.13,,0.11,,0.02,,0.02,0.53,,11.51,,0.02,,0.01,,0.02,0.02,,,0.1,5.65,0.44,,0.08,0.03,0.01,,,0.15,0.03,0.96,,0.04,,0.05,,,,0.04,,,0.01,0.88,,0.01,,,,0.9,,,,0.02,0.27,,,,,,,0.01,,,,,,,,,,,,2.85,,4.57,,,0.01,0.04,0.11,0.01,,0.02,0.02,,,,,
2021-10,0.55,28.21,0.01,0.43,27.06,2.28,,0.03,,0.68,1.41,0.15,0.15,2.28,7.64,0.04,0.13,,0.1,,0.02,,0.02,0.49,,11.4,,0.02,,0.01,,0.02,0.02,,,0.1,5.37,0.41,,0.07,0.03,0.02,,,0.14,0.03,0.95,,0.04,,0.04,,,,0.04,,,0.11,0.85,,0.01,,,,0.85,,,,0.02,0.25,,,,,,,0.02,,,,,,,,,,,,3.05,,4.29,,,0.01,0.03,0.1,0.01,,0.02,0.01,,,,,
2021-11,0.55,28.54,0.01,0.42,27.18,2.33,,0.03,,0.65,1.37,0.14,0.14,2.62,7.52,0.04,0.13,,0.1,,0.02,,0.02,0.47,,11.37,,0.02,,0.01,,0.02,0.02,,,0.09,5.3,0.39,,0.07,0.03,0.01,,,0.13,0.03,0.95,,0.04,,0.04,,,,0.04,,,0.04,0.88,,0.01,,,,0.87,,,,0.02,0.25,,,,,,,0.02,,,,,,,,,,,,2.73,,4.2,,,0.01,0.03,0.1,0.01,,0.02,0.01,,,,,
2021-12,0.54,29.24,0.01,0.41,26.93,2.25,,0.03,,0.73,1.27,0.14,0.13,2.72,7.19,0.04,0.12,,0.09,,0.02,,0.02,0.45,,11.52,,0.02,,0.01,,0.02,0.02,,,0.1,5.31,0.39,,0.07,0.02,0.01,,,0.12,0.03,0.96,,0.04,,0.04,,,,0.03,,,0.02,0.83,,0.01,,,,0.81,,,,0.02,0.24,,,,,,,0.01,,,,,,,,,,,,2.75,,4.13,,,0.01,0.03,0.1,0.01,,0.01,0.02,,,,,
2022-01,0.52,29.49,,0.44,27.18,2.42,,0.04,,0.78,1.21,0.13,0.21,2.19,6.64,0.03,0.12,,0.1,,0.01,,0.02,0.46,,11.54,,0.02,,,,0.01,0.02,,,0.11,5.29,0.36,,0.06,0.02,,,,0.11,0.02,1.07,,0.04,,0.04,,,,0.03,,,,0.83,,,,,,0.85,,,,,0.23,,,,,,,,,,,,,,,,,,,2.92,,4.26,,,0.01,0.04,0.08,,,,0.01,0.03,0.01,,,
2022-02,0.54,28.29,,0.43,27.68,2.91,,0.04,,0.76,1.38,0.12,0.2,2.17,6.41,0.03,0.12,,0.1,,0.02,,0.02,0.45,,11.61,,0.02,,,,0.01,0.02,,,0.1,5.36,0.35,,0.06,0.02,,,,0.11,0.02,1.04,,0.03,,0.03,,,,0.03,,,,0.91,,,,,,0.94,,,,,0.26,,,,,,,,,,,,,,,,,,,3.0,,4.19,,,0.01,0.05,0.09,,,,0.01,0.03,0.02,,,
2022-03,0.54,27.57,,0.45,28.22,2.66,,0.04,,0.75,1.26,0.12,0.2,2.25,6.53,0.03,0.11,,0.1,,0.02,,0.02,0.43,,12.24,,0.02,,,,0.01,0.01,,,0.14,5.25,0.35,,0.05,0.02,,,,0.1,0.02,1.04,,0.05,,0.04,,,,0.03,,,,0.85,,,,,,0.93,,,,,0.25,,,,,,,,,,,,,,,,,,,2.99,,4.12,,,0.01,0.05,0.08,,,,0.02,0.03,0.01,,,
2022-04,0.54,27.68,,0.46,27.94,2.62,,0.05,,0.81,1.18,0.12,0.18,2.55,6.18,0.02,0.11,,0.09,,0.02,,0.02,0.42,,12.18,,0.02,,,,0.02,0.01,,,0.1,5.37,0.35,,0.05,0.02,,,,0.1,0.02,1.05,,0.03,,0.03,,,,0.03,,,,0.86,,,,,,0.94,,,,,0.26,,,,,,,,,,,,,,,,,,,3.09,,4.25,,,0.01,0.05,0.08,,,,0.01,0.03,0.01,,,
2022-05,0.51,27.83,,0.43,28.25,2.42,,0.04,,0.77,1.09,0.12,0.17,2.25,6.25,0.02,0.11,,0.09,,0.01,,0.02,0.38,,12.64,,0.02,,,,0.01,0.01,,,0.19,5.37,0.32,,0.04,0.02,,,,0.08,0.02,1.04,,0.06,,0.06,,,,0.03,,,,0.84,,,,,,0.9,,,,,0.23,,,,,,,,,,,,,,,,,,,3.04,,4.08,,,0.01,0.05,0.08,,,,0.03,0.03,0.01,,,
2022-06,0.5,27.22,,0.4,28.24,2.35,,0.05,,0.73,1.03,0.1,0.16,2.12,6.09,0.02,0.1,,0.08,,0.01,,0.02,0.37,,13.05,,0.02,,,,0.01,0.01,,,0.2,5.76,0.29,,0.04,0.01,,,,0.08,0.02,1.04,,0.07,,0.06,,,,0.02,,,,0.87,,,,,,0.85,,,,,0.22,,,,,,,,,,,,,,,,,,,3.26,,4.3,,,0.01,0.05,0.08,,,,0.03,0.03,0.01,,,
2022-07,0.49,27.5,,0.35,28.17,2.41,,0.05,,0.75,1.01,0.08,0.15,2.62,6.34,0.02,0.1,,0.08,,0.01,,0.02,0.35,,12.86,,0.02,,,,0.01,0.01,,,0.2,5.39,0.26,,0.04,0.01,,,,0.1,0.02,1.02,,0.07,,0.06,,,,0.02,,,,0.77,,,,,,0.82,,,,,0.2,,,,,,,,,,,,,,,,,,,3.1,,4.28,,,0.01,0.06,0.07,,,,0.03,0.04,0.01,,,
2022-08,0.49,27.83,,0.35,28.76,2.48,,0.05,,0.74,1.0,0.09,0.15,2.54,6.03,0.01,0.11,,0.09,,0.01,,0.02,0.35,,12.8,,0.02,,,,0.01,0.01,,,0.21,5.14,0.24,,0.03,0.01,,,,0.07,0.02,1.02,,0.07,,0.06,,,,0.02,,,,0.86,,,,,,0.96,,,,,0.22,,,,,,,,,,,,,,,,,,,2.94,,3.95,,,0.01,0.06,0.08,,,,0.03,0.04,0.01,,,
2022-09,0.48,27.8,,0.32,28.41,2.36,,0.06,,0.73,0.93,0.08,0.2,2.31,5.64,0.02,0.11,,0.09,,0.01,,0.02,0.34,,13.02,,0.02,,,,0.02,0.01,,,0.2,5.32,0.23,,0.03,0.01,,,,0.07,0.02,1.07,,0.08,,0.06,,,,0.02,,,,0.92,,,,,,1.02,,,,,0.25,,,,,,,,,,,,,,,,,,,3.16,,4.29,,,0.01,0.08,0.08,,,,0.06,0.05,0.01,,,
2022-10,0.45,28.41,,0.31,28.21,2.33,,0.07,,0.77,0.85,0.07,0.26,2.19,5.27,0.02,0.11,,0.09,,0.02,,0.01,0.31,,12.73,,0.02,,,,0.02,0.01,,,0.18,5.53,0.21,,0.03,0.01,,,,0.06,0.02,1.11,,0.09,,0.05,,,,0.02,,,,0.96,,,,,,1.09,,,,,0.26,,,,,,,,,,,,,,,,,,,3.16,,4.31,,,0.01,0.09,0.07,,,,0.09,0.07,0.01,,,
2022-11,0.45,27.48,,0.29,28.33,2.3,,0.06,,0.72,0.78,0.06,0.29,2.16,4.98,0.02,0.1,,0.08,,0.02,,0.01,0.3,,12.97,,0.02,,,,0.02,0.01,,,0.17,6.28,0.19,,0.03,0.01,,,,0.06,0.02,1.12,,0.08,,0.05,,,,0.02,,,,0.98,,,,,,1.02,,,,,0.25,,,,,,,,,,,,,,,,,,,3.37,,4.59,,,0.01,0.09,0.07,,,,0.09,0.07,0.01,,,
2022-12,0.43,26.98,,0.27,27.38,2.25,,0.05,,0.75,0.71,0.05,0.26,3.28,5.25,0.02,0.1,,0.07,,0.01,,0.01,0.29,,12.35,,0.02,,,,0.02,0.01,,,0.1,6.4,0.19,,0.03,0.01,,,,0.08,0.02,1.21,,0.05,,0.03,,,,0.02,,,,1.0,,,,,,0.98,,,,,0.24,,,,,,,,,,,,,,,,,,,3.68,,5.07,,,0.01,0.12,0.08,,,,0.05,0.06,0.01,,,
2022-09,0.48,27.8,,0.32,28.41,2.36,,0.06,,0.73,0.93,0.08,0.19,2.31,5.64,0.02,0.11,,0.09,,0.01,,0.02,0.34,,13.02,,0.02,,,,0.02,,,,0.2,5.32,0.23,,0.03,0.01,,,,0.07,0.02,1.07,,0.08,,0.06,,,,0.02,,,,0.92,,,,,,1.02,,,,,0.25,,,0.01,,,,,,,,,,,,,,,,3.16,,4.29,,,,0.08,0.08,0.01,,,0.06,0.05,,0.0,0.01,0.01
2022-10,0.45,28.41,,0.31,28.21,2.33,,0.07,,0.77,0.85,0.07,0.21,2.19,5.27,0.02,0.11,,0.09,,0.02,,0.01,0.31,,12.73,,0.02,,,,0.02,,,,0.18,5.53,0.21,,0.03,0.01,,,,0.06,0.02,1.11,,0.09,,0.05,,,,0.02,,,,0.96,,,,,,1.09,,,,,0.26,,,0.01,,,,,,,,,,,,,,,,3.16,,4.31,,,,0.09,0.07,0.01,,,0.09,0.07,,0.02,0.02,0.02
2022-11,0.45,27.48,,0.29,28.33,2.3,,0.06,,0.72,0.78,0.06,0.2,2.16,4.98,0.02,0.1,,0.08,,0.02,,0.01,0.3,,12.97,,0.02,,,,0.02,,,,0.17,6.28,0.19,,0.03,0.01,,,,0.06,0.02,1.12,,0.08,,0.05,,,,0.02,,,,0.98,,,,,,1.02,,,,,0.25,,,0.01,,,,,,,,,,,,,,,,3.37,,4.59,,,,0.09,0.07,0.01,,,0.09,0.07,,0.05,0.02,0.02
2022-12,0.43,26.98,,0.27,27.38,2.25,,0.05,,0.75,0.71,0.05,0.17,3.28,5.25,0.02,0.1,,0.07,,0.01,,0.01,0.29,,12.35,,0.02,,,,0.02,,,,0.1,6.4,0.19,,0.03,0.01,,,,0.08,0.02,1.21,,0.05,,0.03,,,,0.02,,,,1.0,,,,,,0.98,,,,,0.24,,,0.01,,,,,,,,,,,,,,,,3.68,,5.07,,,,0.12,0.08,0.01,,,0.05,0.06,,0.04,0.02,0.02
2023-01,0.45,27.6,,0.27,27.09,2.3,,0.05,,0.74,0.68,0.05,0.16,2.74,4.62,0.02,0.11,,0.07,,0.01,,0.01,0.3,,12.52,,0.02,,,,0.02,,,,0.08,6.41,0.19,,0.03,0.01,,,,0.07,0.02,1.26,,0.04,,0.02,,,,0.02,,,,1.06,,,,,,1.07,,,,,0.26,,,0.01,,,,,,,,,,,,,,,,3.96,,5.26,,,,0.12,0.08,0.01,,,0.05,0.06,,0.04,0.02,0.01
2023-02,0.45,27.1,,0.24,26.75,2.28,,0.04,,0.76,0.64,0.05,0.15,3.14,4.84,0.02,0.1,,0.07,,0.01,,0.01,0.29,,12.29,,0.01,,,,0.02,,,,0.06,6.86,0.17,,0.02,0.01,,,,0.08,0.02,1.22,,0.03,,0.02,,,,0.01,,,,1.15,,,,,,1.06,,,,,0.26,,,0.01,,,,,,,,,,,,,,,,4.03,,5.3,,,,0.12,0.08,0.01,,,0.04,0.05,,0.05,0.02,0.01
2023-03,0.46,28.42,,0.25,27.1,2.5,,0.04,,0.74,0.7,0.06,0.14,3.0,4.32,0.02,0.1,,0.07,,0.01,,0.01,0.29,,12.16,,0.01,,,,0.02,,,,0.05,6.39,0.18,,0.02,0.01,,,,0.07,0.01,1.23,,0.03,,0.01,,,,0.01,,,,0.95,,,,,,1.01,,,,,0.25,,,0.01,,,,,,,,,,,,,,,,3.79,,5.17,,,,0.12,0.07,0.01,,,0.03,0.05,,0.05,0.02,0.01
2023-04,0.45,30.61,,0.24,26.05,2.21,,0.04,,0.73,0.62,0.06,0.14,3.2,4.11,0.02,0.1,,0.06,,0.01,,0.01,0.29,,11.68,,0.01,,,,0.02,,,,0.05,6.35,0.18,,0.02,0.01,,,,0.07,0.02,1.18,,0.02,,0.01,,,,0.01,,,,0.97,,,,,,1.03,,,,,0.26,,,0.01,,,,,,,,,,,,,,,,3.68,,5.09,,,,0.12,0.07,0.01,,,0.03,0.05,,0.05,0.03,0.01
2023-05,0.44,31.44,,0.24,25.27,2.05,,0.04,,0.76,0.54,0.05,0.13,4.39,4.01,0.01,0.1,,0.06,,0.01,,0.01,0.28,,11.13,,0.01,,,,0.02,,,,0.03,6.52,0.16,,0.02,0.01,,,,0.06,0.02,1.06,,0.02,,0.01,,,,0.01,,,,1.02,,,,,,1.01,,,,,0.26,,,0.01,,,,,,,,,,,,,,,,3.51,,4.88,,,,0.14,0.07,0.01,,,0.02,0.04,,0.07,0.02,0.01
2023-06,0.42,28.44,,0.23,24.59,2.01,,0.06,,0.89,0.49,0.05,0.13,6.74,4.07,0.01,0.08,,0.05,,0.01,,0.01,0.26,,11.05,,0.01,,,,0.02,,,,0.03,6.95,0.15,,0.02,0.01,,,,0.07,0.01,1.12,,0.01,,0.01,,,,0.01,,,,1.06,,,,,,0.99,,,,,0.26,,,0.02,,,,,,,,,,,,,,,,3.78,,5.39,,,,0.2,0.06,0.01,,,0.02,0.04,,0.11,0.02,0.01
2023-07,0.39,28.39,,0.24,24.22,2.11,,0.06,,0.95,0.48,0.05,0.13,7.35,4.0,0.02,0.08,,0.05,,0.01,,0.01,0.26,,11.21,,0.01,,,,0.02,,,,0.03,6.06,0.15,,0.03,0.01,,,,0.08,0.01,1.27,,0.01,,0.01,,,,0.02,,,,1.06,,,,,,1.08,,,,,0.28,,,0.02,,,,,,,,,,,,,,,,3.87,,5.53,,,,0.22,0.07,0.01,,,0.02,0.04,,0.05,0.02,0.01
2023-08,0.4,28.53,,0.24,24.16,2.12,,0.06,,0.95,0.47,0.05,0.14,7.74,4.0,0.01,0.08,,0.04,,0.01,,0.01,0.26,,11.09,,0.01,,,,0.02,,,,0.03,5.85,0.14,,0.02,0.01,,,,0.07,0.01,1.29,,0.01,,0.01,,,,0.01,,,,1.1,,,,,,1.17,,,,,0.3,,,0.02,,,,,,,,,,,,,,,,3.77,,5.37,,,,0.22,0.07,0.01,,,0.02,0.04,,0.05,0.02,0.01
2023-09,0.39,29.58,,0.25,24.23,2.1,,0.06,,0.95,0.45,0.06,0.14,8.12,3.81,0.01,0.08,,0.05,,0.01,,0.01,0.25,,10.84,,0.01,,,,0.02,,,,0.02,5.53,0.17,,0.02,0.01,,,,0.06,0.01,1.22,,0.01,,0.01,,,,0.01,,,,1.06,,,,,,1.19,,,,,0.3,,,0.02,,,,,,,,,,,,,,,,3.52,,5.02,,,,0.23,0.06,0.01,,,0.02,0.04,,0.03,0.02,0.01
